﻿<?xml version="1.0" encoding="utf-8"?>
<deployment>
  <id>2887cbca-c19d-4bb7-9869-e841a4455873</id>
  <author>N/A</author>
  <deployer>OneDeploy</deployer>
  <authorEmail>N/A</authorEmail>
  <message>OneDeploy</message>
  <progress></progress>
  <status>Success</status>
  <statusText></statusText>
  <lastSuccessEndTime>2025-12-12T19:59:23.5444489Z</lastSuccessEndTime>
  <receivedTime>2025-12-12T19:59:05.5757975Z</receivedTime>
  <startTime>2025-12-12T19:59:06.9110867Z</startTime>
  <endTime>2025-12-12T19:59:23.5444489Z</endTime>
  <complete>True</complete>
  <is_temp>False</is_temp>
  <is_readonly>True</is_readonly>
  <buildSummary />
</deployment>