<step title="Incoming Request" date="2025-12-12T04:39:30.367" instance="5b782a" url="/api/publish?type=zip" method="POST" type="request" pid="831,1,21" Accept="*/*" Host="udy-voice-ai-server-native.scm.azurewebsites.net" User-Agent="AZURECLI/2.79.0 (MSI)" Accept-Encoding="gzip, deflate" Authorization="Bea..." Cache-Control="no-cache" Content-Type="application/octet-stream" Cookie="ARRAffinity=5b782a15c8309d0e167d686cc302af1e9e12aa2731e32332f4e94060c07214ca; ARRAffinitySameSite=5b782a15c8309d0e167d686cc302af1e9e12aa2731e32332f4e94060c07214ca" Content-Length="71853095" x-ms-client-request-id="84db569c-d714-11f0-80b5-6ca100548508" x-ms-artifact-checksum="c488ab16de14f9ea884b64c418434dfdef173c7dbcbfaa5a925a3db128f60e5e" X-ARR-LOG-ID="84db569c-d714-11f0-80b5-6ca100548508" CLIENT-IP="104.174.44.57:56184" X-SITE-DEPLOYMENT-ID="udy-voice-ai-server-native" WAS-DEFAULT-HOSTNAME="udy-voice-ai-server-native.scm.azurewebsites.net" X-Forwarded-Proto="https" X-AppService-Proto="https" X-Forwarded-TlsVersion="1.3" X-WAWS-Unencoded-URL="/api/publish?type=zip" X-Client-IP="104.174.44.57" X-Client-Port="56184" >
  <step title="OneDeploy" date="2025-12-12T04:39:30.420" >
    <step title="None repository commit" date="2025-12-12T04:39:30.428" >
      <step title="Commit id: f13defe6-7ccd-4ed7-9858-6cfbda998454" date="2025-12-12T04:39:30.431" Message="N/A" AuthorName="N/A" AuthorEmail="N/A" /><!-- duration: 3ms -->
    </step><!-- duration: 8ms -->
    <step title="Starting PushDeployAsync" date="2025-12-12T04:39:30.438" /><!-- duration: 2ms -->
    <step title="Writing artifact to /tmp/zipdeploy/15fa6541-6760-471e-a998-57e0472eb2be.zip" date="2025-12-12T04:39:30.456" >
      <step title="Writing multipart request body to /tmp/zipdeploy/15fa6541-6760-471e-a998-57e0472eb2be.zip" date="2025-12-12T04:39:30.459" /><!-- duration: 2ms -->
    </step><!-- duration: 25343ms -->
    <step title="Attempting to fetch target branch HEAD" date="2025-12-12T04:39:55.811" /><!-- duration: 3ms -->
    <step title="Acquiring Deployment Lock" date="2025-12-12T04:39:55.816" /><!-- duration: 2ms -->
    <step title="Acquired Deployment Lock" date="2025-12-12T04:39:55.845" /><!-- duration: 2ms -->
    <step title="Performing fetch based deployment" date="2025-12-12T04:39:55.854" >
      <step title="Creating temporary deployment" date="2025-12-12T04:39:55.857" /><!-- duration: 187ms -->
      <step title="Releasing Deployment Lock" date="2025-12-12T04:39:57.197" /><!-- duration: 4ms -->
      <step title="Cleaning up temp folders from previous zip deployments and extracting pushed zip file /tmp/zipdeploy/15fa6541-6760-471e-a998-57e0472eb2be.zip (68.52 MB) to /tmp/zipdeploy/extracted" date="2025-12-12T04:39:57.218" >
        <step title="ChmodRecursive Process exited with total time taken in ms: 244" date="2025-12-12T04:40:03.426" /><!-- duration: 4ms -->
      </step><!-- duration: 6215ms -->
      <step title="None repository commit" date="2025-12-12T04:40:03.436" >
        <step title="Commit id: f13defe6-7ccd-4ed7-9858-6cfbda998454" date="2025-12-12T04:40:03.438" Message="OneDeploy" AuthorName="N/A" AuthorEmail="N/A" /><!-- duration: 2ms -->
      </step><!-- duration: 9ms -->
      <step title="Deployment timer started" date="2025-12-12T04:40:05.451" >
        <step title="DeploymentManager.Deploy(id:f13defe6-7ccd-4ed7-9858-6cfbda998454)" date="2025-12-12T04:40:05.455" >
          <step title="Collecting changeset information" date="2025-12-12T04:40:05.463" /><!-- duration: 77ms -->
          <step title="Updating submodules" date="2025-12-12T04:40:05.545" /><!-- duration: 1115ms -->
          <step title="Determining deployment builder" date="2025-12-12T04:40:06.871" >
            <step title="Builder is OneDeployBuilder" date="2025-12-12T04:40:06.878" /><!-- duration: 3ms -->
          </step><!-- duration: 12ms -->
          <step title="PreDeployment: context.CleanOutputPath False" date="2025-12-12T04:40:06.923" >
            <step title="PreDeployment: context.OutputPath /home/site/wwwroot" date="2025-12-12T04:40:07.046" >
              <step title="Building" date="2025-12-12T04:40:07.184" >
                <step title="Executing external process" date="2025-12-12T04:40:07.823" type="process" path="starter.sh" arguments="/opt/Kudu/Scripts/absoluteTar.sh /tmp/zipdeploy/extracted/node_modules /tmp/zipdeploy/extracted/node_modules.tar.gz" /><!-- duration: 11600ms -->
                <step title="Executing external process" date="2025-12-12T04:40:19.666" type="process" path="starter.sh" arguments="/opt/Kudu/Scripts/parallel_rsync.sh /tmp/zipdeploy/extracted /home/site/wwwroot 8 /tmp/ False False node_modules " /><!-- duration: 5101ms -->
                <step title="Modified file to trigger a restart of the app container." date="2025-12-12T04:40:25.509" /><!-- duration: 3ms -->
                <step title="Skip function trigger and logicapp sync because function is not enabled." date="2025-12-12T04:40:25.518" /><!-- duration: 3ms -->
              </step><!-- duration: 19003ms -->
            </step><!-- duration: 19145ms -->
            <step title="Cleaning up temp files" date="2025-12-12T04:40:26.193" /><!-- duration: 4ms -->
            <step title="Cleaning up temp files" date="2025-12-12T04:40:26.199" /><!-- duration: 525ms -->
            <step title="Reloading status file with latest updates" date="2025-12-12T04:40:26.774" >
              <step title="WebHooksManager.PublishEventAsync: PostDeployment" date="2025-12-12T04:40:26.777" /><!-- duration: 45ms -->
            </step><!-- duration: 50ms -->
            <step title="Cleaning up temporary deployment - fetch deployment was successful" date="2025-12-12T04:40:26.830" /><!-- duration: 3ms -->
          </step><!-- duration: 19981ms -->
        </step><!-- duration: 21460ms -->
        <step title="Outgoing response" date="2025-12-12T04:40:26.929" type="response" statusCode="200" statusText="OK" /><!-- duration: 2ms -->
      </step><!-- duration: 21483ms -->
