<step title="Incoming Request" date="2025-12-12T21:23:49.993" instance="5b782a" url="/api/publish?type=zip" method="POST" type="request" pid="831,1,66" Accept="*/*" Host="udy-voice-ai-server-native.scm.azurewebsites.net" User-Agent="AZURECLI/2.79.0 (MSI)" Accept-Encoding="gzip, deflate" Authorization="Bea..." Cache-Control="no-cache" Content-Type="application/octet-stream" Cookie="ARRAffinity=5b782a15c8309d0e167d686cc302af1e9e12aa2731e32332f4e94060c07214ca; ARRAffinitySameSite=5b782a15c8309d0e167d686cc302af1e9e12aa2731e32332f4e94060c07214ca" Content-Length="71846579" x-ms-client-request-id="d47d64d4-d7a0-11f0-b2ce-6ca100548508" x-ms-artifact-checksum="5ec7f1e90bf14e00bea0aa57886a16a180d5a4d74a523b22b81a91bd90ef1536" X-ARR-LOG-ID="d47d64d4-d7a0-11f0-b2ce-6ca100548508" CLIENT-IP="104.174.44.57:50820" X-SITE-DEPLOYMENT-ID="udy-voice-ai-server-native" WAS-DEFAULT-HOSTNAME="udy-voice-ai-server-native.scm.azurewebsites.net" X-Forwarded-Proto="https" X-AppService-Proto="https" X-Forwarded-TlsVersion="1.3" X-WAWS-Unencoded-URL="/api/publish?type=zip" X-Client-IP="104.174.44.57" X-Client-Port="50820" >
  <step title="OneDeploy" date="2025-12-12T21:23:49.998" >
    <step title="Starting PushDeployAsync" date="2025-12-12T21:23:50.003" /><!-- duration: 3ms -->
    <step title="Removing node_modules symlink" date="2025-12-12T21:23:50.014" >
      <step title="Writing artifact to /tmp/zipdeploy/e1e017a4-7d7b-48dc-8233-65219ecc57ba.zip" date="2025-12-12T21:23:50.042" >
        <step title="Writing multipart request body to /tmp/zipdeploy/e1e017a4-7d7b-48dc-8233-65219ecc57ba.zip" date="2025-12-12T21:23:50.044" /><!-- duration: 3ms -->
      </step><!-- duration: 25488ms -->
      <step title="Attempting to fetch target branch HEAD" date="2025-12-12T21:24:15.541" /><!-- duration: 2ms -->
      <step title="Acquiring Deployment Lock" date="2025-12-12T21:24:15.546" /><!-- duration: 2ms -->
      <step title="Acquired Deployment Lock" date="2025-12-12T21:24:15.569" /><!-- duration: 2ms -->
      <step title="Performing fetch based deployment" date="2025-12-12T21:24:15.576" >
        <step title="Creating temporary deployment" date="2025-12-12T21:24:15.581" /><!-- duration: 39ms -->
        <step title="Releasing Deployment Lock" date="2025-12-12T21:24:16.768" /><!-- duration: 4ms -->
        <step title="Cleaning up temp folders from previous zip deployments and extracting pushed zip file /tmp/zipdeploy/e1e017a4-7d7b-48dc-8233-65219ecc57ba.zip (68.52 MB) to /tmp/zipdeploy/extracted" date="2025-12-12T21:24:16.788" >
          <step title="ChmodRecursive Process exited with total time taken in ms: 244" date="2025-12-12T21:24:22.949" /><!-- duration: 4ms -->
        </step><!-- duration: 6176ms -->
        <step title="None repository commit" date="2025-12-12T21:24:22.966" >
          <step title="Commit id: a46d397f-8f87-4464-8a8a-173c7b5a677d" date="2025-12-12T21:24:22.969" Message="OneDeploy" AuthorName="N/A" AuthorEmail="N/A" /><!-- duration: 2ms -->
        </step><!-- duration: 7ms -->
        <step title="Deployment timer started" date="2025-12-12T21:24:24.977" >
          <step title="DeploymentManager.Deploy(id:a46d397f-8f87-4464-8a8a-173c7b5a677d)" date="2025-12-12T21:24:24.981" >
            <step title="Collecting changeset information" date="2025-12-12T21:24:24.991" /><!-- duration: 73ms -->
            <step title="Updating submodules" date="2025-12-12T21:24:25.068" /><!-- duration: 1113ms -->
            <step title="Determining deployment builder" date="2025-12-12T21:24:26.378" >
              <step title="Builder is OneDeployBuilder" date="2025-12-12T21:24:26.384" /><!-- duration: 3ms -->
            </step><!-- duration: 11ms -->
            <step title="PreDeployment: context.CleanOutputPath False" date="2025-12-12T21:24:26.437" >
              <step title="PreDeployment: context.OutputPath /home/site/wwwroot" date="2025-12-12T21:24:26.558" >
                <step title="Building" date="2025-12-12T21:24:26.699" >
                  <step title="Executing external process" date="2025-12-12T21:24:27.393" type="process" path="starter.sh" arguments="/opt/Kudu/Scripts/absoluteTar.sh /tmp/zipdeploy/extracted/node_modules /tmp/zipdeploy/extracted/node_modules.tar.gz" /><!-- duration: 11688ms -->
                  <step title="Executing external process" date="2025-12-12T21:24:39.324" type="process" path="starter.sh" arguments="/opt/Kudu/Scripts/parallel_rsync.sh /tmp/zipdeploy/extracted /home/site/wwwroot 8 /tmp/ False False node_modules " /><!-- duration: 2570ms -->
                  <step title="Modified file to trigger a restart of the app container." date="2025-12-12T21:24:42.697" /><!-- duration: 2ms -->
                  <step title="Skip function trigger and logicapp sync because function is not enabled." date="2025-12-12T21:24:42.703" /><!-- duration: 3ms -->
                </step><!-- duration: 16905ms -->
              </step><!-- duration: 17051ms -->
              <step title="Cleaning up temp files" date="2025-12-12T21:24:43.611" /><!-- duration: 3ms -->
              <step title="Cleaning up temp files" date="2025-12-12T21:24:43.616" /><!-- duration: 513ms -->
              <step title="Reloading status file with latest updates" date="2025-12-12T21:24:44.176" >
                <step title="WebHooksManager.PublishEventAsync: PostDeployment" date="2025-12-12T21:24:44.179" /><!-- duration: 25ms -->
              </step><!-- duration: 31ms -->
              <step title="Cleaning up temporary deployment - fetch deployment was successful" date="2025-12-12T21:24:44.212" /><!-- duration: 2ms -->
            </step><!-- duration: 17835ms -->
          </step><!-- duration: 19300ms -->
          <step title="Outgoing response" date="2025-12-12T21:24:44.295" type="response" statusCode="200" statusText="OK" /><!-- duration: 8ms -->
        </step><!-- duration: 19329ms -->
