<step title="Incoming Request" date="2025-12-12T19:13:20.234" instance="5b782a" url="/api/publish?type=zip" method="POST" type="request" pid="831,1,71" Accept="*/*" Host="udy-voice-ai-server-native.scm.azurewebsites.net" User-Agent="AZURECLI/2.79.0 (MSI)" Accept-Encoding="gzip, deflate" Authorization="Bea..." Cache-Control="no-cache" Content-Type="application/octet-stream" Cookie="ARRAffinity=5b782a15c8309d0e167d686cc302af1e9e12aa2731e32332f4e94060c07214ca; ARRAffinitySameSite=5b782a15c8309d0e167d686cc302af1e9e12aa2731e32332f4e94060c07214ca" Content-Length="71854595" x-ms-client-request-id="9841e932-d78e-11f0-9461-6ca100548508" x-ms-artifact-checksum="7147e2f2016157257b444651f41ba7424f461bc85ad59f3274529eba893181db" X-ARR-LOG-ID="9841e932-d78e-11f0-9461-6ca100548508" CLIENT-IP="104.174.44.57:58827" X-SITE-DEPLOYMENT-ID="udy-voice-ai-server-native" WAS-DEFAULT-HOSTNAME="udy-voice-ai-server-native.scm.azurewebsites.net" X-Forwarded-Proto="https" X-AppService-Proto="https" X-Forwarded-TlsVersion="1.3" X-WAWS-Unencoded-URL="/api/publish?type=zip" X-Client-IP="104.174.44.57" X-Client-Port="58827" >
  <step title="OneDeploy" date="2025-12-12T19:13:20.242" >
    <step title="Starting PushDeployAsync" date="2025-12-12T19:13:20.246" /><!-- duration: 3ms -->
    <step title="Removing node_modules symlink" date="2025-12-12T19:13:20.254" >
      <step title="Writing artifact to /tmp/zipdeploy/1a0dbd69-54d7-4efb-bb81-2eab0075e5d8.zip" date="2025-12-12T19:13:20.273" >
        <step title="Writing multipart request body to /tmp/zipdeploy/1a0dbd69-54d7-4efb-bb81-2eab0075e5d8.zip" date="2025-12-12T19:13:20.275" /><!-- duration: 2ms -->
      </step><!-- duration: 24774ms -->
      <step title="Attempting to fetch target branch HEAD" date="2025-12-12T19:13:45.060" /><!-- duration: 2ms -->
      <step title="Acquiring Deployment Lock" date="2025-12-12T19:13:45.065" /><!-- duration: 4ms -->
      <step title="Acquired Deployment Lock" date="2025-12-12T19:13:45.089" /><!-- duration: 2ms -->
      <step title="Performing fetch based deployment" date="2025-12-12T19:13:45.096" >
        <step title="Creating temporary deployment" date="2025-12-12T19:13:45.099" /><!-- duration: 46ms -->
        <step title="Releasing Deployment Lock" date="2025-12-12T19:13:46.301" /><!-- duration: 4ms -->
        <step title="Cleaning up temp folders from previous zip deployments and extracting pushed zip file /tmp/zipdeploy/1a0dbd69-54d7-4efb-bb81-2eab0075e5d8.zip (68.53 MB) to /tmp/zipdeploy/extracted" date="2025-12-12T19:13:46.321" >
          <step title="ChmodRecursive Process exited with total time taken in ms: 217" date="2025-12-12T19:13:53.195" /><!-- duration: 4ms -->
        </step><!-- duration: 6883ms -->
        <step title="None repository commit" date="2025-12-12T19:13:53.209" >
          <step title="Commit id: 1404b3e1-f4b6-46dd-906c-3fdc7977567b" date="2025-12-12T19:13:53.212" Message="OneDeploy" AuthorName="N/A" AuthorEmail="N/A" /><!-- duration: 2ms -->
        </step><!-- duration: 7ms -->
        <step title="Deployment timer started" date="2025-12-12T19:13:55.221" >
          <step title="DeploymentManager.Deploy(id:1404b3e1-f4b6-46dd-906c-3fdc7977567b)" date="2025-12-12T19:13:55.225" >
            <step title="Collecting changeset information" date="2025-12-12T19:13:55.233" /><!-- duration: 81ms -->
            <step title="Updating submodules" date="2025-12-12T19:13:55.319" /><!-- duration: 1142ms -->
            <step title="Determining deployment builder" date="2025-12-12T19:13:56.707" >
              <step title="Builder is OneDeployBuilder" date="2025-12-12T19:13:56.713" /><!-- duration: 3ms -->
            </step><!-- duration: 11ms -->
            <step title="PreDeployment: context.CleanOutputPath False" date="2025-12-12T19:13:56.765" >
              <step title="PreDeployment: context.OutputPath /home/site/wwwroot" date="2025-12-12T19:13:56.890" >
                <step title="Building" date="2025-12-12T19:13:57.025" >
                  <step title="Executing external process" date="2025-12-12T19:13:57.722" type="process" path="starter.sh" arguments="/opt/Kudu/Scripts/absoluteTar.sh /tmp/zipdeploy/extracted/node_modules /tmp/zipdeploy/extracted/node_modules.tar.gz" /><!-- duration: 12223ms -->
                  <step title="Executing external process" date="2025-12-12T19:14:10.200" type="process" path="starter.sh" arguments="/opt/Kudu/Scripts/parallel_rsync.sh /tmp/zipdeploy/extracted /home/site/wwwroot 8 /tmp/ False False node_modules " /><!-- duration: 2590ms -->
                  <step title="Modified file to trigger a restart of the app container." date="2025-12-12T19:14:13.582" /><!-- duration: 3ms -->
                  <step title="Skip function trigger and logicapp sync because function is not enabled." date="2025-12-12T19:14:13.588" /><!-- duration: 2ms -->
                </step><!-- duration: 17328ms -->
              </step><!-- duration: 17469ms -->
              <step title="Cleaning up temp files" date="2025-12-12T19:14:14.360" /><!-- duration: 2ms -->
              <step title="Cleaning up temp files" date="2025-12-12T19:14:14.367" /><!-- duration: 508ms -->
              <step title="Reloading status file with latest updates" date="2025-12-12T19:14:14.921" >
                <step title="WebHooksManager.PublishEventAsync: PostDeployment" date="2025-12-12T19:14:14.925" /><!-- duration: 43ms -->
              </step><!-- duration: 49ms -->
              <step title="Cleaning up temporary deployment - fetch deployment was successful" date="2025-12-12T19:14:14.976" /><!-- duration: 3ms -->
            </step><!-- duration: 18283ms -->
          </step><!-- duration: 19828ms -->
          <step title="Outgoing response" date="2025-12-12T19:14:15.064" type="response" statusCode="200" statusText="OK" /><!-- duration: 2ms -->
        </step><!-- duration: 19848ms -->
