<step title="Incoming Request" date="2025-12-12T17:51:16.919" instance="5b782a" url="/api/publish?type=zip" method="POST" type="request" pid="831,1,30" Accept="*/*" Host="udy-voice-ai-server-native.scm.azurewebsites.net" User-Agent="AZURECLI/2.79.0 (MSI)" Accept-Encoding="gzip, deflate" Authorization="Bea..." Cache-Control="no-cache" Content-Type="application/octet-stream" Cookie="ARRAffinity=5b782a15c8309d0e167d686cc302af1e9e12aa2731e32332f4e94060c07214ca; ARRAffinitySameSite=5b782a15c8309d0e167d686cc302af1e9e12aa2731e32332f4e94060c07214ca" Content-Length="71853803" x-ms-client-request-id="218fca78-d783-11f0-85bc-6ca100548508" x-ms-artifact-checksum="454580323d935dce776a356abc32de8ca9b1e95bcb174a74e0594cc90a5e86b7" X-ARR-LOG-ID="218fca78-d783-11f0-85bc-6ca100548508" CLIENT-IP="104.174.44.57:53553" X-SITE-DEPLOYMENT-ID="udy-voice-ai-server-native" WAS-DEFAULT-HOSTNAME="udy-voice-ai-server-native.scm.azurewebsites.net" X-Forwarded-Proto="https" X-AppService-Proto="https" X-Forwarded-TlsVersion="1.3" X-WAWS-Unencoded-URL="/api/publish?type=zip" X-Client-IP="104.174.44.57" X-Client-Port="53553" >
  <step title="OneDeploy" date="2025-12-12T17:51:16.954" >
    <step title="None repository commit" date="2025-12-12T17:51:17.002" >
      <step title="Commit id: c3b8787e-c47e-443a-b772-28b0a50d64a3" date="2025-12-12T17:51:17.005" Message="N/A" AuthorName="N/A" AuthorEmail="N/A" /><!-- duration: 2ms -->
    </step><!-- duration: 7ms -->
    <step title="Starting PushDeployAsync" date="2025-12-12T17:51:17.013" /><!-- duration: 2ms -->
    <step title="Removing node_modules symlink" date="2025-12-12T17:51:17.030" >
      <step title="Removing _del_node_modules symlink" date="2025-12-12T17:51:17.085" >
        <step title="Writing artifact to /tmp/zipdeploy/685c91f1-d75c-49ce-94ac-15fdbf8906d6.zip" date="2025-12-12T17:51:17.097" >
          <step title="Writing multipart request body to /tmp/zipdeploy/685c91f1-d75c-49ce-94ac-15fdbf8906d6.zip" date="2025-12-12T17:51:17.100" /><!-- duration: 2ms -->
        </step><!-- duration: 24164ms -->
        <step title="Attempting to fetch target branch HEAD" date="2025-12-12T17:51:41.272" /><!-- duration: 2ms -->
        <step title="Acquiring Deployment Lock" date="2025-12-12T17:51:41.278" /><!-- duration: 2ms -->
        <step title="Acquired Deployment Lock" date="2025-12-12T17:51:41.309" /><!-- duration: 2ms -->
        <step title="Performing fetch based deployment" date="2025-12-12T17:51:41.318" >
          <step title="Creating temporary deployment" date="2025-12-12T17:51:41.321" /><!-- duration: 47ms -->
          <step title="Releasing Deployment Lock" date="2025-12-12T17:51:42.509" /><!-- duration: 4ms -->
          <step title="Cleaning up temp folders from previous zip deployments and extracting pushed zip file /tmp/zipdeploy/685c91f1-d75c-49ce-94ac-15fdbf8906d6.zip (68.53 MB) to /tmp/zipdeploy/extracted" date="2025-12-12T17:51:42.535" >
            <step title="ChmodRecursive Process exited with total time taken in ms: 226" date="2025-12-12T17:51:48.107" /><!-- duration: 4ms -->
          </step><!-- duration: 5580ms -->
          <step title="None repository commit" date="2025-12-12T17:51:48.117" >
            <step title="Commit id: c3b8787e-c47e-443a-b772-28b0a50d64a3" date="2025-12-12T17:51:48.120" Message="OneDeploy" AuthorName="N/A" AuthorEmail="N/A" /><!-- duration: 2ms -->
          </step><!-- duration: 7ms -->
          <step title="Deployment timer started" date="2025-12-12T17:51:50.134" >
            <step title="DeploymentManager.Deploy(id:c3b8787e-c47e-443a-b772-28b0a50d64a3)" date="2025-12-12T17:51:50.138" >
              <step title="Collecting changeset information" date="2025-12-12T17:51:50.168" /><!-- duration: 89ms -->
              <step title="Updating submodules" date="2025-12-12T17:51:50.261" /><!-- duration: 1159ms -->
              <step title="Determining deployment builder" date="2025-12-12T17:51:51.604" >
                <step title="Builder is OneDeployBuilder" date="2025-12-12T17:51:51.611" /><!-- duration: 2ms -->
              </step><!-- duration: 12ms -->
              <step title="PreDeployment: context.CleanOutputPath False" date="2025-12-12T17:51:51.660" >
                <step title="PreDeployment: context.OutputPath /home/site/wwwroot" date="2025-12-12T17:51:51.777" >
                  <step title="Building" date="2025-12-12T17:51:51.907" >
                    <step title="Executing external process" date="2025-12-12T17:51:52.589" type="process" path="starter.sh" arguments="/opt/Kudu/Scripts/absoluteTar.sh /tmp/zipdeploy/extracted/node_modules /tmp/zipdeploy/extracted/node_modules.tar.gz" /><!-- duration: 12426ms -->
                    <step title="Executing external process" date="2025-12-12T17:52:05.275" type="process" path="starter.sh" arguments="/opt/Kudu/Scripts/parallel_rsync.sh /tmp/zipdeploy/extracted /home/site/wwwroot 8 /tmp/ False False node_modules " /><!-- duration: 2774ms -->
                    <step title="Modified file to trigger a restart of the app container." date="2025-12-12T17:52:08.836" /><!-- duration: 2ms -->
                    <step title="Skip function trigger and logicapp sync because function is not enabled." date="2025-12-12T17:52:08.846" /><!-- duration: 3ms -->
                  </step><!-- duration: 17659ms -->
                </step><!-- duration: 17796ms -->
                <step title="Cleaning up temp files" date="2025-12-12T17:52:09.576" /><!-- duration: 3ms -->
                <step title="Cleaning up temp files" date="2025-12-12T17:52:09.581" /><!-- duration: 517ms -->
                <step title="Reloading status file with latest updates" date="2025-12-12T17:52:10.123" >
                  <step title="WebHooksManager.PublishEventAsync: PostDeployment" date="2025-12-12T17:52:10.126" /><!-- duration: 51ms -->
                </step><!-- duration: 56ms -->
                <step title="Cleaning up temporary deployment - fetch deployment was successful" date="2025-12-12T17:52:10.278" /><!-- duration: 3ms -->
              </step><!-- duration: 18695ms -->
            </step><!-- duration: 20244ms -->
            <step title="Outgoing response" date="2025-12-12T17:52:10.481" type="response" statusCode="200" statusText="OK" /><!-- duration: 4ms -->
          </step><!-- duration: 20355ms -->
