<step title="Incoming Request" date="2025-12-12T20:46:01.410" instance="5b782a" url="/api/publish?type=zip" method="POST" type="request" pid="831,1,63" Accept="*/*" Host="udy-voice-ai-server-native.scm.azurewebsites.net" User-Agent="AZURECLI/2.79.0 (MSI)" Accept-Encoding="gzip, deflate" Authorization="Bea..." Cache-Control="no-cache" Content-Type="application/octet-stream" Cookie="ARRAffinity=5b782a15c8309d0e167d686cc302af1e9e12aa2731e32332f4e94060c07214ca; ARRAffinitySameSite=5b782a15c8309d0e167d686cc302af1e9e12aa2731e32332f4e94060c07214ca" Content-Length="71854707" x-ms-client-request-id="8b194546-d79b-11f0-a2f0-6ca100548508" x-ms-artifact-checksum="4e9dbc0b43f56d89e666dc0bb7f5e852333a4ee29b81ffd3bb36df5fdf77b772" X-ARR-LOG-ID="8b194546-d79b-11f0-a2f0-6ca100548508" CLIENT-IP="104.174.44.57:53148" X-SITE-DEPLOYMENT-ID="udy-voice-ai-server-native" WAS-DEFAULT-HOSTNAME="udy-voice-ai-server-native.scm.azurewebsites.net" X-Forwarded-Proto="https" X-AppService-Proto="https" X-Forwarded-TlsVersion="1.3" X-WAWS-Unencoded-URL="/api/publish?type=zip" X-Client-IP="104.174.44.57" X-Client-Port="53148" >
  <step title="OneDeploy" date="2025-12-12T20:46:01.416" >
    <step title="Starting PushDeployAsync" date="2025-12-12T20:46:01.423" /><!-- duration: 3ms -->
    <step title="Removing node_modules symlink" date="2025-12-12T20:46:01.433" >
      <step title="Writing artifact to /tmp/zipdeploy/a69bdbba-3f34-4bc2-8dd5-d5b70d7eb610.zip" date="2025-12-12T20:46:01.466" >
        <step title="Writing multipart request body to /tmp/zipdeploy/a69bdbba-3f34-4bc2-8dd5-d5b70d7eb610.zip" date="2025-12-12T20:46:01.468" /><!-- duration: 2ms -->
      </step><!-- duration: 25244ms -->
      <step title="Attempting to fetch target branch HEAD" date="2025-12-12T20:46:26.720" /><!-- duration: 2ms -->
      <step title="Acquiring Deployment Lock" date="2025-12-12T20:46:26.725" /><!-- duration: 5ms -->
      <step title="Acquired Deployment Lock" date="2025-12-12T20:46:26.750" /><!-- duration: 2ms -->
      <step title="Performing fetch based deployment" date="2025-12-12T20:46:26.757" >
        <step title="Creating temporary deployment" date="2025-12-12T20:46:26.760" /><!-- duration: 40ms -->
        <step title="Releasing Deployment Lock" date="2025-12-12T20:46:27.925" /><!-- duration: 4ms -->
        <step title="Cleaning up temp folders from previous zip deployments and extracting pushed zip file /tmp/zipdeploy/a69bdbba-3f34-4bc2-8dd5-d5b70d7eb610.zip (68.53 MB) to /tmp/zipdeploy/extracted" date="2025-12-12T20:46:27.945" >
          <step title="ChmodRecursive Process exited with total time taken in ms: 220" date="2025-12-12T20:46:34.663" /><!-- duration: 5ms -->
        </step><!-- duration: 6735ms -->
        <step title="None repository commit" date="2025-12-12T20:46:34.682" >
          <step title="Commit id: efdb04ea-5653-4905-b2ba-b531c5d6510b" date="2025-12-12T20:46:34.685" Message="OneDeploy" AuthorName="N/A" AuthorEmail="N/A" /><!-- duration: 2ms -->
        </step><!-- duration: 7ms -->
        <step title="Deployment timer started" date="2025-12-12T20:46:36.693" >
          <step title="DeploymentManager.Deploy(id:efdb04ea-5653-4905-b2ba-b531c5d6510b)" date="2025-12-12T20:46:36.697" >
            <step title="Collecting changeset information" date="2025-12-12T20:46:36.705" /><!-- duration: 84ms -->
            <step title="Updating submodules" date="2025-12-12T20:46:36.793" /><!-- duration: 1149ms -->
            <step title="Determining deployment builder" date="2025-12-12T20:46:38.149" >
              <step title="Builder is OneDeployBuilder" date="2025-12-12T20:46:38.155" /><!-- duration: 2ms -->
            </step><!-- duration: 11ms -->
            <step title="PreDeployment: context.CleanOutputPath False" date="2025-12-12T20:46:38.212" >
              <step title="PreDeployment: context.OutputPath /home/site/wwwroot" date="2025-12-12T20:46:38.337" >
                <step title="Building" date="2025-12-12T20:46:38.473" >
                  <step title="Executing external process" date="2025-12-12T20:46:39.172" type="process" path="starter.sh" arguments="/opt/Kudu/Scripts/absoluteTar.sh /tmp/zipdeploy/extracted/node_modules /tmp/zipdeploy/extracted/node_modules.tar.gz" /><!-- duration: 11617ms -->
                  <step title="Executing external process" date="2025-12-12T20:46:51.032" type="process" path="starter.sh" arguments="/opt/Kudu/Scripts/parallel_rsync.sh /tmp/zipdeploy/extracted /home/site/wwwroot 8 /tmp/ False False node_modules " /><!-- duration: 2784ms -->
                  <step title="Modified file to trigger a restart of the app container." date="2025-12-12T20:46:54.566" /><!-- duration: 2ms -->
                  <step title="Skip function trigger and logicapp sync because function is not enabled." date="2025-12-12T20:46:54.572" /><!-- duration: 2ms -->
                </step><!-- duration: 16937ms -->
              </step><!-- duration: 17079ms -->
              <step title="Cleaning up temp files" date="2025-12-12T20:46:55.419" /><!-- duration: 2ms -->
              <step title="Cleaning up temp files" date="2025-12-12T20:46:55.425" /><!-- duration: 507ms -->
              <step title="Reloading status file with latest updates" date="2025-12-12T20:46:55.973" >
                <step title="WebHooksManager.PublishEventAsync: PostDeployment" date="2025-12-12T20:46:55.977" /><!-- duration: 23ms -->
              </step><!-- duration: 29ms -->
              <step title="Cleaning up temporary deployment - fetch deployment was successful" date="2025-12-12T20:46:56.005" /><!-- duration: 2ms -->
            </step><!-- duration: 17877ms -->
          </step><!-- duration: 19396ms -->
          <step title="Outgoing response" date="2025-12-12T20:46:56.110" type="response" statusCode="200" statusText="OK" /><!-- duration: 3ms -->
        </step><!-- duration: 19422ms -->
