<step title="Incoming Request" date="2025-12-12T19:58:30.846" instance="5b782a" url="/api/publish?type=zip" method="POST" type="request" pid="831,1,77" Accept="*/*" Host="udy-voice-ai-server-native.scm.azurewebsites.net" User-Agent="AZURECLI/2.79.0 (MSI)" Accept-Encoding="gzip, deflate" Authorization="Bea..." Cache-Control="no-cache" Content-Type="application/octet-stream" Cookie="ARRAffinity=5b782a15c8309d0e167d686cc302af1e9e12aa2731e32332f4e94060c07214ca; ARRAffinitySameSite=5b782a15c8309d0e167d686cc302af1e9e12aa2731e32332f4e94060c07214ca" Content-Length="71854595" x-ms-client-request-id="e8f5ce2b-d794-11f0-8477-6ca100548508" x-ms-artifact-checksum="00a63393dab2cf3951c25818d8fe6767cba52aefb9a877dfcd699b9323065f47" X-ARR-LOG-ID="e8f5ce2b-d794-11f0-8477-6ca100548508" CLIENT-IP="104.174.44.57:63136" X-SITE-DEPLOYMENT-ID="udy-voice-ai-server-native" WAS-DEFAULT-HOSTNAME="udy-voice-ai-server-native.scm.azurewebsites.net" X-Forwarded-Proto="https" X-AppService-Proto="https" X-Forwarded-TlsVersion="1.3" X-WAWS-Unencoded-URL="/api/publish?type=zip" X-Client-IP="104.174.44.57" X-Client-Port="63136" >
  <step title="OneDeploy" date="2025-12-12T19:58:30.857" >
    <step title="Starting PushDeployAsync" date="2025-12-12T19:58:30.862" /><!-- duration: 5ms -->
    <step title="Removing node_modules symlink" date="2025-12-12T19:58:31.104" >
      <step title="Writing artifact to /tmp/zipdeploy/439a616c-435e-4d41-ad46-88e4570d0dd6.zip" date="2025-12-12T19:58:31.131" >
        <step title="Writing multipart request body to /tmp/zipdeploy/439a616c-435e-4d41-ad46-88e4570d0dd6.zip" date="2025-12-12T19:58:31.134" /><!-- duration: 2ms -->
      </step><!-- duration: 25023ms -->
      <step title="Attempting to fetch target branch HEAD" date="2025-12-12T19:58:56.164" /><!-- duration: 2ms -->
      <step title="Acquiring Deployment Lock" date="2025-12-12T19:58:56.169" /><!-- duration: 2ms -->
      <step title="Acquired Deployment Lock" date="2025-12-12T19:58:56.192" /><!-- duration: 2ms -->
      <step title="Performing fetch based deployment" date="2025-12-12T19:58:56.199" >
        <step title="Creating temporary deployment" date="2025-12-12T19:58:56.202" /><!-- duration: 39ms -->
        <step title="Releasing Deployment Lock" date="2025-12-12T19:58:57.390" /><!-- duration: 4ms -->
        <step title="Cleaning up temp folders from previous zip deployments and extracting pushed zip file /tmp/zipdeploy/439a616c-435e-4d41-ad46-88e4570d0dd6.zip (68.53 MB) to /tmp/zipdeploy/extracted" date="2025-12-12T19:58:57.413" >
          <step title="ChmodRecursive Process exited with total time taken in ms: 231" date="2025-12-12T19:59:03.512" /><!-- duration: 4ms -->
        </step><!-- duration: 6110ms -->
        <step title="None repository commit" date="2025-12-12T19:59:03.527" >
          <step title="Commit id: 2887cbca-c19d-4bb7-9869-e841a4455873" date="2025-12-12T19:59:03.529" Message="OneDeploy" AuthorName="N/A" AuthorEmail="N/A" /><!-- duration: 2ms -->
        </step><!-- duration: 7ms -->
        <step title="Deployment timer started" date="2025-12-12T19:59:05.537" >
          <step title="DeploymentManager.Deploy(id:2887cbca-c19d-4bb7-9869-e841a4455873)" date="2025-12-12T19:59:05.541" >
            <step title="Collecting changeset information" date="2025-12-12T19:59:05.549" /><!-- duration: 78ms -->
            <step title="Updating submodules" date="2025-12-12T19:59:05.631" /><!-- duration: 1114ms -->
            <step title="Determining deployment builder" date="2025-12-12T19:59:06.985" >
              <step title="Builder is OneDeployBuilder" date="2025-12-12T19:59:06.992" /><!-- duration: 2ms -->
            </step><!-- duration: 12ms -->
            <step title="PreDeployment: context.CleanOutputPath False" date="2025-12-12T19:59:07.052" >
              <step title="PreDeployment: context.OutputPath /home/site/wwwroot" date="2025-12-12T19:59:07.171" >
                <step title="Building" date="2025-12-12T19:59:07.289" >
                  <step title="Executing external process" date="2025-12-12T19:59:07.953" type="process" path="starter.sh" arguments="/opt/Kudu/Scripts/absoluteTar.sh /tmp/zipdeploy/extracted/node_modules /tmp/zipdeploy/extracted/node_modules.tar.gz" /><!-- duration: 11716ms -->
                  <step title="Executing external process" date="2025-12-12T19:59:19.902" type="process" path="starter.sh" arguments="/opt/Kudu/Scripts/parallel_rsync.sh /tmp/zipdeploy/extracted /home/site/wwwroot 8 /tmp/ False False node_modules " /><!-- duration: 2521ms -->
                  <step title="Modified file to trigger a restart of the app container." date="2025-12-12T19:59:23.192" /><!-- duration: 2ms -->
                  <step title="Skip function trigger and logicapp sync because function is not enabled." date="2025-12-12T19:59:23.197" /><!-- duration: 2ms -->
                </step><!-- duration: 16684ms -->
              </step><!-- duration: 16808ms -->
              <step title="Cleaning up temp files" date="2025-12-12T19:59:23.980" /><!-- duration: 3ms -->
              <step title="Cleaning up temp files" date="2025-12-12T19:59:23.986" /><!-- duration: 506ms -->
              <step title="Reloading status file with latest updates" date="2025-12-12T19:59:24.532" >
                <step title="WebHooksManager.PublishEventAsync: PostDeployment" date="2025-12-12T19:59:24.541" /><!-- duration: 34ms -->
              </step><!-- duration: 49ms -->
              <step title="Cleaning up temporary deployment - fetch deployment was successful" date="2025-12-12T19:59:24.588" /><!-- duration: 2ms -->
            </step><!-- duration: 17597ms -->
          </step><!-- duration: 19113ms -->
          <step title="Outgoing response" date="2025-12-12T19:59:24.662" type="response" statusCode="200" statusText="OK" /><!-- duration: 2ms -->
        </step><!-- duration: 19129ms -->
