﻿<?xml version="1.0" encoding="utf-8"?>
<deployment>
  <id>c3b8787e-c47e-443a-b772-28b0a50d64a3</id>
  <author>N/A</author>
  <deployer>OneDeploy</deployer>
  <authorEmail>N/A</authorEmail>
  <message>OneDeploy</message>
  <progress></progress>
  <status>Success</status>
  <statusText></statusText>
  <lastSuccessEndTime>2025-12-12T17:52:09.215416Z</lastSuccessEndTime>
  <receivedTime>2025-12-12T17:51:50.1910595Z</receivedTime>
  <startTime>2025-12-12T17:51:51.5437139Z</startTime>
  <endTime>2025-12-12T17:52:09.215416Z</endTime>
  <complete>True</complete>
  <is_temp>False</is_temp>
  <is_readonly>True</is_readonly>
  <buildSummary />
</deployment>