﻿<?xml version="1.0" encoding="utf-8"?>
<deployment>
  <id>a46d397f-8f87-4464-8a8a-173c7b5a677d</id>
  <author>N/A</author>
  <deployer>OneDeploy</deployer>
  <authorEmail>N/A</authorEmail>
  <message>OneDeploy</message>
  <progress></progress>
  <status>Success</status>
  <statusText></statusText>
  <lastSuccessEndTime>2025-12-12T21:24:43.0516944Z</lastSuccessEndTime>
  <receivedTime>2025-12-12T21:24:25.0120902Z</receivedTime>
  <startTime>2025-12-12T21:24:26.3134607Z</startTime>
  <endTime>2025-12-12T21:24:43.0516944Z</endTime>
  <complete>True</complete>
  <is_temp>False</is_temp>
  <is_readonly>True</is_readonly>
  <buildSummary />
</deployment>