﻿<?xml version="1.0" encoding="utf-8"?>
<deployment>
  <id>f13defe6-7ccd-4ed7-9858-6cfbda998454</id>
  <author>N/A</author>
  <deployer>OneDeploy</deployer>
  <authorEmail>N/A</authorEmail>
  <message>OneDeploy</message>
  <progress></progress>
  <status>Success</status>
  <statusText></statusText>
  <lastSuccessEndTime>2025-12-12T04:40:25.875129Z</lastSuccessEndTime>
  <receivedTime>2025-12-12T04:40:05.4847741Z</receivedTime>
  <startTime>2025-12-12T04:40:06.8127375Z</startTime>
  <endTime>2025-12-12T04:40:25.875129Z</endTime>
  <complete>True</complete>
  <is_temp>False</is_temp>
  <is_readonly>True</is_readonly>
  <buildSummary />
</deployment>