﻿<?xml version="1.0" encoding="utf-8"?>
<deployment>
  <id>1404b3e1-f4b6-46dd-906c-3fdc7977567b</id>
  <author>N/A</author>
  <deployer>OneDeploy</deployer>
  <authorEmail>N/A</authorEmail>
  <message>OneDeploy</message>
  <progress></progress>
  <status>Success</status>
  <statusText></statusText>
  <lastSuccessEndTime>2025-12-12T19:14:13.9552188Z</lastSuccessEndTime>
  <receivedTime>2025-12-12T19:13:55.2584115Z</receivedTime>
  <startTime>2025-12-12T19:13:56.6388215Z</startTime>
  <endTime>2025-12-12T19:14:13.9552188Z</endTime>
  <complete>True</complete>
  <is_temp>False</is_temp>
  <is_readonly>True</is_readonly>
  <buildSummary />
</deployment>