﻿<?xml version="1.0" encoding="utf-8"?>
<deployment>
  <id>efdb04ea-5653-4905-b2ba-b531c5d6510b</id>
  <author>N/A</author>
  <deployer>OneDeploy</deployer>
  <authorEmail>N/A</authorEmail>
  <message>OneDeploy</message>
  <progress></progress>
  <status>Success</status>
  <statusText></statusText>
  <lastSuccessEndTime>2025-12-12T20:46:54.9401608Z</lastSuccessEndTime>
  <receivedTime>2025-12-12T20:46:36.7338158Z</receivedTime>
  <startTime>2025-12-12T20:46:38.0780673Z</startTime>
  <endTime>2025-12-12T20:46:54.9401608Z</endTime>
  <complete>True</complete>
  <is_temp>False</is_temp>
  <is_readonly>True</is_readonly>
  <buildSummary />
</deployment>